Country,Year,GDP Per Capita
Luxembourg,2017,102408.2373
Switzerland,2017,81712.8807
Norway,2017,70667.76854
Ireland,2017,63952.16088
Iceland,2017,62308.70612
Qatar,2017,59324.31272
United States,2017,56947.90961
Singapore,2017,55092.21228
Denmark,2017,54621.00882
Australia,2017,53799.22623
